{"cameraMode":{"drawMode":0,"name":"Shaded","section":"Shading Mode"},"sceneLighting":true,"audioPlay":false,"sceneViewState":{"showFog":true,"showMaterialUpdate":false,"showSkybox":true,"showFlares":true,"showImageEffects":true,"showParticleSystems":true},"in2DMode":false,"pivot":{"x":230.81967163085938,"y":1352.0755615234375,"z":10.52022647857666},"rotation":{"x":-0.043293751776218417,"y":-0.012576034292578698,"z":0.0005523281870409846,"w":-0.9990029335021973},"size":2763.526123046875,"orthographic":false}